{
  "best_epoch": 2.0,
  "epoch": 10.0,
  "lr": 0.0008803227798172156,
  "parameters/total": 149338.0,
  "parameters/trainable": 149338.0,
  "test/bc": 0.3693643822669983,
  "test/bc_accuracy": 0.888,
  "test/bc_f1": 0.940677966101695,
  "test/bc_precision": 1.0,
  "test/bc_recall": 0.888,
  "test/control_growth_mae": 0.0,
  "test/control_reg_mae": 0.0,
  "test/control_vector_mae": 0.009696686044102292,
  "test/growth_error_vs_control_pct": 64284431.25,
  "test/growth_vs_control_frac_mean": 642844.3125,
  "test/growth_vs_control_frac_median": 526874.5,
  "test/growth_vs_control_frac_p95": 1662982.0,
  "test/growth_vs_control_frac_p99": 2342750.75,
  "test/reg_error_vs_control_pct": 64284431.25,
  "test/reg_mae": 0.006428442656993866,
  "test/reg_mse": 6.830750219523907e-05,
  "test/reg_rmse": 0.008264835279377264,
  "test/reg_vs_control_frac_mean": 642844.3125,
  "test/reg_vs_control_frac_median": 526874.5,
  "test/reg_vs_control_frac_p95": 1662982.0,
  "test/reg_vs_control_frac_p99": 2342750.75,
  "test/regression": 3.4153751112171446e-05,
  "test/total_loss": 0.3728943395614624,
  "test/vector_avg_l2": 0.07771519351676806,
  "test/vector_error_vs_control_pct": 141.10910892486572,
  "test/vector_mae": 0.011033543870811211,
  "test/vector_mse": 0.00029146331266930917,
  "test/vector_regression": 0.0034958133287727833,
  "test/vector_rmse": 0.017072296643079663,
  "test/vector_vs_control_frac_mean": 1.4110910892486572,
  "test/vector_vs_control_frac_median": 1.1882230043411255,
  "test/vector_vs_control_frac_p95": 3.0960488319396973,
  "test/vector_vs_control_frac_p99": 4.557458877563477,
  "test/weight/bc": 1.0,
  "test/weight/regression": 1.0,
  "test/weight/vector_regression": 1.0,
  "train/bc": 0.14547445584832652,
  "train/bc_accuracy": 0.9290826284970722,
  "train/bc_f1": 0.7939508506616257,
  "train/bc_precision": 0.7241379310344828,
  "train/bc_recall": 0.8786610878661087,
  "train/reg_mae": 0.012162905084617585,
  "train/reg_mse": 0.00023854667495821984,
  "train/reg_rmse": 0.015444956295121713,
  "train/regression": 0.00011927333747910992,
  "train/total_loss": 0.15345832211054528,
  "train/vector_avg_l2": 0.11807469082889899,
  "train/vector_mae": 0.018150235924012898,
  "train/vector_mse": 0.000655379410693346,
  "train/vector_regression": 0.007864590743938358,
  "train/vector_rmse": 0.02560037911229726,
  "train/weight/bc": 1.0,
  "train/weight/regression": 1.0,
  "train/weight/vector_regression": 1.0,
  "val/bc": 13.749569946503543,
  "val/bc_accuracy": 0.16164658634538154,
  "val/bc_f1": 0.27830596369922217,
  "val/bc_precision": 1.0,
  "val/bc_recall": 0.16164658634538154,
  "val/reg_mae": 0.035994243909077475,
  "val/reg_mse": 0.0024780908592015385,
  "val/reg_rmse": 0.04978042646664991,
  "val/regression": 0.0012390454314708949,
  "val/total_loss": 14.110919266819476,
  "val/vector_avg_l2": 0.8123984126202074,
  "val/vector_mae": 0.10463427220642008,
  "val/vector_mse": 0.03000920651906944,
  "val/vector_regression": 0.3601104776303931,
  "val/vector_rmse": 0.1732316556495072,
  "val/weight/bc": 1.0,
  "val/weight/regression": 1.0,
  "val/weight/vector_regression": 1.0
}